Timestamp	Originating File	Record ID	Key	Value	source file
2023-05-02 05:23:48.528116	000009.ldb	0:1683005028528116%df98306de52d318f	google.c.sender.id	946277197574	\\?\C:\Temp\UNSW_ALEAP\ALEAPP_Reports_2023-05-27_Saturday_075547\temp\data\user\0\com.google.android.gms\files\fcm_queued_messages.ldb \\?\C:\Temp\UNSW_ALEAP\ALEAPP_Reports_2023-05-27_Saturday_075547\temp\data\data\com.google.android.gms\files\fcm_queued_messages.ldb
2023-05-02 05:23:48.528116	000009.ldb	0:1683005028528116%df98306de52d318f	chm	1	\\?\C:\Temp\UNSW_ALEAP\ALEAPP_Reports_2023-05-27_Saturday_075547\temp\data\user\0\com.google.android.gms\files\fcm_queued_messages.ldb \\?\C:\Temp\UNSW_ALEAP\ALEAPP_Reports_2023-05-27_Saturday_075547\temp\data\data\com.google.android.gms\files\fcm_queued_messages.ldb
2023-05-02 05:23:48.528116	000009.ldb	0:1683005028528116%df98306de52d318f	casp	ChUxMDc1Nzg0OTU3ODEyNTE1MTI4OTcatAIKE2dtYWlsX25vdGlmaWNhdGlvbnMSCmJhY2tncm91bmQaEGNlYzBkNmZlNDg4NDAwMDAqCSjhmoWn8tX+AkDhmoWn8tX+AkjhmoWn8tX+AlIdYTpiYWNrZ3JvdW5kOmNlYzBkNmZlNDg4NDAwMDBiUAoAEgAiBAoAEgAo5JuFp/LV/gIyADoCKABCAEoMCAAQABgAIAAoADAAUABiIDUzMzM2MTk1ZWUyNjI2Y2Q2MmI0MDFhNDA0MzVmMTFkiAEAclYKQnR5cGUuZ29vZ2xlYXBpcy5jb20vY2FyaWJvdS5ub3RpZmljYXRpb25zLmNoaW1lLnByb3RvLkNoaW1lUGF5bG9hZBIQQIvxqtf9MFoHCIvxqtf9MHoICAEQARgBIAGoAQGyAQExuAG5w46n8tX+AjIZEgAaFTEwNzU3ODQ5NTc4MTI1MTUxMjg5Nw==	\\?\C:\Temp\UNSW_ALEAP\ALEAPP_Reports_2023-05-27_Saturday_075547\temp\data\user\0\com.google.android.gms\files\fcm_queued_messages.ldb \\?\C:\Temp\UNSW_ALEAP\ALEAPP_Reports_2023-05-27_Saturday_075547\temp\data\data\com.google.android.gms\files\fcm_queued_messages.ldb
2023-05-09 01:13:47.094924	000020.log	0:1683594827094924%df98306d	google.c.sender.id	946277197574	\\?\C:\Temp\UNSW_ALEAP\ALEAPP_Reports_2023-05-27_Saturday_075547\temp\data\user\0\com.google.android.gms\files\fcm_queued_messages.ldb \\?\C:\Temp\UNSW_ALEAP\ALEAPP_Reports_2023-05-27_Saturday_075547\temp\data\data\com.google.android.gms\files\fcm_queued_messages.ldb
2023-05-09 01:13:47.094924	000020.log	0:1683594827094924%df98306d	chm	1	\\?\C:\Temp\UNSW_ALEAP\ALEAPP_Reports_2023-05-27_Saturday_075547\temp\data\user\0\com.google.android.gms\files\fcm_queued_messages.ldb \\?\C:\Temp\UNSW_ALEAP\ALEAPP_Reports_2023-05-27_Saturday_075547\temp\data\data\com.google.android.gms\files\fcm_queued_messages.ldb
2023-05-09 01:13:47.094924	000020.log	0:1683594827094924%df98306d	casp	ChUxMDc1Nzg0OTU3ODEyNTE1MTI4OTcatAIKE2dtYWlsX25vdGlmaWNhdGlvbnMSCmJhY2tncm91bmQaEDcwMGZhOTU3ZWU4NDAwMDAqCSjZg/W8h+f+AkDZg/W8h+f+AkjZg/W8h+f+AlIdYTpiYWNrZ3JvdW5kOjcwMGZhOTU3ZWU4NDAwMDBiUAoAEgAiBAoAEgAo1YT1vIfn/gIyADoCKABCAEoMCAAQABgAIAAoADAAUABiIDUzMzM2MTk1ZWUyNjI2Y2Q2MmI0MDFhNDA0MzVmMTFkiAEAclYKQnR5cGUuZ29vZ2xlYXBpcy5jb20vY2FyaWJvdS5ub3RpZmljYXRpb25zLmNoaW1lLnByb3RvLkNoaW1lUGF5bG9hZBIQQLqqyfD/MFoHCLqqyfD/MHoICAEQARgBIAGoAQGyAQExuAGjvNu+h+f+AjIZEgAaFTEwNzU3ODQ5NTc4MTI1MTUxMjg5Nw==	\\?\C:\Temp\UNSW_ALEAP\ALEAPP_Reports_2023-05-27_Saturday_075547\temp\data\user\0\com.google.android.gms\files\fcm_queued_messages.ldb \\?\C:\Temp\UNSW_ALEAP\ALEAPP_Reports_2023-05-27_Saturday_075547\temp\data\data\com.google.android.gms\files\fcm_queued_messages.ldb
2023-05-09 03:57:42.617996	000020.log	0:1683604662617996%df98306d	google.c.sender.id	946277197574	\\?\C:\Temp\UNSW_ALEAP\ALEAPP_Reports_2023-05-27_Saturday_075547\temp\data\user\0\com.google.android.gms\files\fcm_queued_messages.ldb \\?\C:\Temp\UNSW_ALEAP\ALEAPP_Reports_2023-05-27_Saturday_075547\temp\data\data\com.google.android.gms\files\fcm_queued_messages.ldb
2023-05-09 03:57:42.617996	000020.log	0:1683604662617996%df98306d	chm	1	\\?\C:\Temp\UNSW_ALEAP\ALEAPP_Reports_2023-05-27_Saturday_075547\temp\data\user\0\com.google.android.gms\files\fcm_queued_messages.ldb \\?\C:\Temp\UNSW_ALEAP\ALEAPP_Reports_2023-05-27_Saturday_075547\temp\data\data\com.google.android.gms\files\fcm_queued_messages.ldb
2023-05-09 03:57:42.617996	000020.log	0:1683604662617996%df98306d	casp	ChUxMDc1Nzg0OTU3ODEyNTE1MTI4OTcatAIKE2dtYWlsX25vdGlmaWNhdGlvbnMSCmJhY2tncm91bmQaEGU0Zjc2YjlhOWU4NDAwMDAqCSjO2e2OrOf+AkDO2e2OrOf+AkjO2e2OrOf+AlIdYTpiYWNrZ3JvdW5kOmU0Zjc2YjlhOWU4NDAwMDBiUAoAEgAiBAoAEgAo4Nrtjqzn/gIyADoCKABCAEoMCAAQABgAIAAoADAAUABiIDUzMzM2MTk1ZWUyNjI2Y2Q2MmI0MDFhNDA0MzVmMTFkiAEAclYKQnR5cGUuZ29vZ2xlYXBpcy5jb20vY2FyaWJvdS5ub3RpZmljYXRpb25zLmNoaW1lLnByb3RvLkNoaW1lUGF5bG9hZBIQQLvSofX/MFoHCLvSofX/MHoICAEQARgBIAGoAQGyAQExuAHKiNSQrOf+AjIZEgAaFTEwNzU3ODQ5NTc4MTI1MTUxMjg5Nw==	\\?\C:\Temp\UNSW_ALEAP\ALEAPP_Reports_2023-05-27_Saturday_075547\temp\data\user\0\com.google.android.gms\files\fcm_queued_messages.ldb \\?\C:\Temp\UNSW_ALEAP\ALEAPP_Reports_2023-05-27_Saturday_075547\temp\data\data\com.google.android.gms\files\fcm_queued_messages.ldb
﻿2023-05-02 05:23:48.528116	000009.ldb	0:1683005028528116%df98306de52d318f	google.c.sender.id	946277197574	\\?\C:\Temp\UNSW_ALEAP\ALEAPP_Reports_2023-05-27_Saturday_075547\temp\data\user\0\com.google.android.gms\files\fcm_queued_messages.ldb \\?\C:\Temp\UNSW_ALEAP\ALEAPP_Reports_2023-05-27_Saturday_075547\temp\data\data\com.google.android.gms\files\fcm_queued_messages.ldb
2023-05-02 05:23:48.528116	000009.ldb	0:1683005028528116%df98306de52d318f	chm	1	\\?\C:\Temp\UNSW_ALEAP\ALEAPP_Reports_2023-05-27_Saturday_075547\temp\data\user\0\com.google.android.gms\files\fcm_queued_messages.ldb \\?\C:\Temp\UNSW_ALEAP\ALEAPP_Reports_2023-05-27_Saturday_075547\temp\data\data\com.google.android.gms\files\fcm_queued_messages.ldb
2023-05-02 05:23:48.528116	000009.ldb	0:1683005028528116%df98306de52d318f	casp	ChUxMDc1Nzg0OTU3ODEyNTE1MTI4OTcatAIKE2dtYWlsX25vdGlmaWNhdGlvbnMSCmJhY2tncm91bmQaEGNlYzBkNmZlNDg4NDAwMDAqCSjhmoWn8tX+AkDhmoWn8tX+AkjhmoWn8tX+AlIdYTpiYWNrZ3JvdW5kOmNlYzBkNmZlNDg4NDAwMDBiUAoAEgAiBAoAEgAo5JuFp/LV/gIyADoCKABCAEoMCAAQABgAIAAoADAAUABiIDUzMzM2MTk1ZWUyNjI2Y2Q2MmI0MDFhNDA0MzVmMTFkiAEAclYKQnR5cGUuZ29vZ2xlYXBpcy5jb20vY2FyaWJvdS5ub3RpZmljYXRpb25zLmNoaW1lLnByb3RvLkNoaW1lUGF5bG9hZBIQQIvxqtf9MFoHCIvxqtf9MHoICAEQARgBIAGoAQGyAQExuAG5w46n8tX+AjIZEgAaFTEwNzU3ODQ5NTc4MTI1MTUxMjg5Nw==	\\?\C:\Temp\UNSW_ALEAP\ALEAPP_Reports_2023-05-27_Saturday_075547\temp\data\user\0\com.google.android.gms\files\fcm_queued_messages.ldb \\?\C:\Temp\UNSW_ALEAP\ALEAPP_Reports_2023-05-27_Saturday_075547\temp\data\data\com.google.android.gms\files\fcm_queued_messages.ldb
2023-05-09 01:13:47.094924	000020.log	0:1683594827094924%df98306d	google.c.sender.id	946277197574	\\?\C:\Temp\UNSW_ALEAP\ALEAPP_Reports_2023-05-27_Saturday_075547\temp\data\user\0\com.google.android.gms\files\fcm_queued_messages.ldb \\?\C:\Temp\UNSW_ALEAP\ALEAPP_Reports_2023-05-27_Saturday_075547\temp\data\data\com.google.android.gms\files\fcm_queued_messages.ldb
2023-05-09 01:13:47.094924	000020.log	0:1683594827094924%df98306d	chm	1	\\?\C:\Temp\UNSW_ALEAP\ALEAPP_Reports_2023-05-27_Saturday_075547\temp\data\user\0\com.google.android.gms\files\fcm_queued_messages.ldb \\?\C:\Temp\UNSW_ALEAP\ALEAPP_Reports_2023-05-27_Saturday_075547\temp\data\data\com.google.android.gms\files\fcm_queued_messages.ldb
2023-05-09 01:13:47.094924	000020.log	0:1683594827094924%df98306d	casp	ChUxMDc1Nzg0OTU3ODEyNTE1MTI4OTcatAIKE2dtYWlsX25vdGlmaWNhdGlvbnMSCmJhY2tncm91bmQaEDcwMGZhOTU3ZWU4NDAwMDAqCSjZg/W8h+f+AkDZg/W8h+f+AkjZg/W8h+f+AlIdYTpiYWNrZ3JvdW5kOjcwMGZhOTU3ZWU4NDAwMDBiUAoAEgAiBAoAEgAo1YT1vIfn/gIyADoCKABCAEoMCAAQABgAIAAoADAAUABiIDUzMzM2MTk1ZWUyNjI2Y2Q2MmI0MDFhNDA0MzVmMTFkiAEAclYKQnR5cGUuZ29vZ2xlYXBpcy5jb20vY2FyaWJvdS5ub3RpZmljYXRpb25zLmNoaW1lLnByb3RvLkNoaW1lUGF5bG9hZBIQQLqqyfD/MFoHCLqqyfD/MHoICAEQARgBIAGoAQGyAQExuAGjvNu+h+f+AjIZEgAaFTEwNzU3ODQ5NTc4MTI1MTUxMjg5Nw==	\\?\C:\Temp\UNSW_ALEAP\ALEAPP_Reports_2023-05-27_Saturday_075547\temp\data\user\0\com.google.android.gms\files\fcm_queued_messages.ldb \\?\C:\Temp\UNSW_ALEAP\ALEAPP_Reports_2023-05-27_Saturday_075547\temp\data\data\com.google.android.gms\files\fcm_queued_messages.ldb
2023-05-09 03:57:42.617996	000020.log	0:1683604662617996%df98306d	google.c.sender.id	946277197574	\\?\C:\Temp\UNSW_ALEAP\ALEAPP_Reports_2023-05-27_Saturday_075547\temp\data\user\0\com.google.android.gms\files\fcm_queued_messages.ldb \\?\C:\Temp\UNSW_ALEAP\ALEAPP_Reports_2023-05-27_Saturday_075547\temp\data\data\com.google.android.gms\files\fcm_queued_messages.ldb
2023-05-09 03:57:42.617996	000020.log	0:1683604662617996%df98306d	chm	1	\\?\C:\Temp\UNSW_ALEAP\ALEAPP_Reports_2023-05-27_Saturday_075547\temp\data\user\0\com.google.android.gms\files\fcm_queued_messages.ldb \\?\C:\Temp\UNSW_ALEAP\ALEAPP_Reports_2023-05-27_Saturday_075547\temp\data\data\com.google.android.gms\files\fcm_queued_messages.ldb
2023-05-09 03:57:42.617996	000020.log	0:1683604662617996%df98306d	casp	ChUxMDc1Nzg0OTU3ODEyNTE1MTI4OTcatAIKE2dtYWlsX25vdGlmaWNhdGlvbnMSCmJhY2tncm91bmQaEGU0Zjc2YjlhOWU4NDAwMDAqCSjO2e2OrOf+AkDO2e2OrOf+AkjO2e2OrOf+AlIdYTpiYWNrZ3JvdW5kOmU0Zjc2YjlhOWU4NDAwMDBiUAoAEgAiBAoAEgAo4Nrtjqzn/gIyADoCKABCAEoMCAAQABgAIAAoADAAUABiIDUzMzM2MTk1ZWUyNjI2Y2Q2MmI0MDFhNDA0MzVmMTFkiAEAclYKQnR5cGUuZ29vZ2xlYXBpcy5jb20vY2FyaWJvdS5ub3RpZmljYXRpb25zLmNoaW1lLnByb3RvLkNoaW1lUGF5bG9hZBIQQLvSofX/MFoHCLvSofX/MHoICAEQARgBIAGoAQGyAQExuAHKiNSQrOf+AjIZEgAaFTEwNzU3ODQ5NTc4MTI1MTUxMjg5Nw==	\\?\C:\Temp\UNSW_ALEAP\ALEAPP_Reports_2023-05-27_Saturday_075547\temp\data\user\0\com.google.android.gms\files\fcm_queued_messages.ldb \\?\C:\Temp\UNSW_ALEAP\ALEAPP_Reports_2023-05-27_Saturday_075547\temp\data\data\com.google.android.gms\files\fcm_queued_messages.ldb
2023-05-02 05:23:48.528116	000009.ldb	0:1683005028528116%df98306de52d318f	google.c.sender.id	946277197574	\\?\C:\Temp\UNSW_ALEAP\ALEAPP_Reports_2023-05-27_Saturday_075547\temp\data\user\0\com.google.android.gms\files\fcm_queued_messages.ldb \\?\C:\Temp\UNSW_ALEAP\ALEAPP_Reports_2023-05-27_Saturday_075547\temp\data\data\com.google.android.gms\files\fcm_queued_messages.ldb
2023-05-02 05:23:48.528116	000009.ldb	0:1683005028528116%df98306de52d318f	chm	1	\\?\C:\Temp\UNSW_ALEAP\ALEAPP_Reports_2023-05-27_Saturday_075547\temp\data\user\0\com.google.android.gms\files\fcm_queued_messages.ldb \\?\C:\Temp\UNSW_ALEAP\ALEAPP_Reports_2023-05-27_Saturday_075547\temp\data\data\com.google.android.gms\files\fcm_queued_messages.ldb
2023-05-02 05:23:48.528116	000009.ldb	0:1683005028528116%df98306de52d318f	casp	ChUxMDc1Nzg0OTU3ODEyNTE1MTI4OTcatAIKE2dtYWlsX25vdGlmaWNhdGlvbnMSCmJhY2tncm91bmQaEGNlYzBkNmZlNDg4NDAwMDAqCSjhmoWn8tX+AkDhmoWn8tX+AkjhmoWn8tX+AlIdYTpiYWNrZ3JvdW5kOmNlYzBkNmZlNDg4NDAwMDBiUAoAEgAiBAoAEgAo5JuFp/LV/gIyADoCKABCAEoMCAAQABgAIAAoADAAUABiIDUzMzM2MTk1ZWUyNjI2Y2Q2MmI0MDFhNDA0MzVmMTFkiAEAclYKQnR5cGUuZ29vZ2xlYXBpcy5jb20vY2FyaWJvdS5ub3RpZmljYXRpb25zLmNoaW1lLnByb3RvLkNoaW1lUGF5bG9hZBIQQIvxqtf9MFoHCIvxqtf9MHoICAEQARgBIAGoAQGyAQExuAG5w46n8tX+AjIZEgAaFTEwNzU3ODQ5NTc4MTI1MTUxMjg5Nw==	\\?\C:\Temp\UNSW_ALEAP\ALEAPP_Reports_2023-05-27_Saturday_075547\temp\data\user\0\com.google.android.gms\files\fcm_queued_messages.ldb \\?\C:\Temp\UNSW_ALEAP\ALEAPP_Reports_2023-05-27_Saturday_075547\temp\data\data\com.google.android.gms\files\fcm_queued_messages.ldb
2023-05-09 01:13:47.094924	000020.log	0:1683594827094924%df98306d	google.c.sender.id	946277197574	\\?\C:\Temp\UNSW_ALEAP\ALEAPP_Reports_2023-05-27_Saturday_075547\temp\data\user\0\com.google.android.gms\files\fcm_queued_messages.ldb \\?\C:\Temp\UNSW_ALEAP\ALEAPP_Reports_2023-05-27_Saturday_075547\temp\data\data\com.google.android.gms\files\fcm_queued_messages.ldb
2023-05-09 01:13:47.094924	000020.log	0:1683594827094924%df98306d	chm	1	\\?\C:\Temp\UNSW_ALEAP\ALEAPP_Reports_2023-05-27_Saturday_075547\temp\data\user\0\com.google.android.gms\files\fcm_queued_messages.ldb \\?\C:\Temp\UNSW_ALEAP\ALEAPP_Reports_2023-05-27_Saturday_075547\temp\data\data\com.google.android.gms\files\fcm_queued_messages.ldb
2023-05-09 01:13:47.094924	000020.log	0:1683594827094924%df98306d	casp	ChUxMDc1Nzg0OTU3ODEyNTE1MTI4OTcatAIKE2dtYWlsX25vdGlmaWNhdGlvbnMSCmJhY2tncm91bmQaEDcwMGZhOTU3ZWU4NDAwMDAqCSjZg/W8h+f+AkDZg/W8h+f+AkjZg/W8h+f+AlIdYTpiYWNrZ3JvdW5kOjcwMGZhOTU3ZWU4NDAwMDBiUAoAEgAiBAoAEgAo1YT1vIfn/gIyADoCKABCAEoMCAAQABgAIAAoADAAUABiIDUzMzM2MTk1ZWUyNjI2Y2Q2MmI0MDFhNDA0MzVmMTFkiAEAclYKQnR5cGUuZ29vZ2xlYXBpcy5jb20vY2FyaWJvdS5ub3RpZmljYXRpb25zLmNoaW1lLnByb3RvLkNoaW1lUGF5bG9hZBIQQLqqyfD/MFoHCLqqyfD/MHoICAEQARgBIAGoAQGyAQExuAGjvNu+h+f+AjIZEgAaFTEwNzU3ODQ5NTc4MTI1MTUxMjg5Nw==	\\?\C:\Temp\UNSW_ALEAP\ALEAPP_Reports_2023-05-27_Saturday_075547\temp\data\user\0\com.google.android.gms\files\fcm_queued_messages.ldb \\?\C:\Temp\UNSW_ALEAP\ALEAPP_Reports_2023-05-27_Saturday_075547\temp\data\data\com.google.android.gms\files\fcm_queued_messages.ldb
2023-05-09 03:57:42.617996	000020.log	0:1683604662617996%df98306d	google.c.sender.id	946277197574	\\?\C:\Temp\UNSW_ALEAP\ALEAPP_Reports_2023-05-27_Saturday_075547\temp\data\user\0\com.google.android.gms\files\fcm_queued_messages.ldb \\?\C:\Temp\UNSW_ALEAP\ALEAPP_Reports_2023-05-27_Saturday_075547\temp\data\data\com.google.android.gms\files\fcm_queued_messages.ldb
2023-05-09 03:57:42.617996	000020.log	0:1683604662617996%df98306d	chm	1	\\?\C:\Temp\UNSW_ALEAP\ALEAPP_Reports_2023-05-27_Saturday_075547\temp\data\user\0\com.google.android.gms\files\fcm_queued_messages.ldb \\?\C:\Temp\UNSW_ALEAP\ALEAPP_Reports_2023-05-27_Saturday_075547\temp\data\data\com.google.android.gms\files\fcm_queued_messages.ldb
2023-05-09 03:57:42.617996	000020.log	0:1683604662617996%df98306d	casp	ChUxMDc1Nzg0OTU3ODEyNTE1MTI4OTcatAIKE2dtYWlsX25vdGlmaWNhdGlvbnMSCmJhY2tncm91bmQaEGU0Zjc2YjlhOWU4NDAwMDAqCSjO2e2OrOf+AkDO2e2OrOf+AkjO2e2OrOf+AlIdYTpiYWNrZ3JvdW5kOmU0Zjc2YjlhOWU4NDAwMDBiUAoAEgAiBAoAEgAo4Nrtjqzn/gIyADoCKABCAEoMCAAQABgAIAAoADAAUABiIDUzMzM2MTk1ZWUyNjI2Y2Q2MmI0MDFhNDA0MzVmMTFkiAEAclYKQnR5cGUuZ29vZ2xlYXBpcy5jb20vY2FyaWJvdS5ub3RpZmljYXRpb25zLmNoaW1lLnByb3RvLkNoaW1lUGF5bG9hZBIQQLvSofX/MFoHCLvSofX/MHoICAEQARgBIAGoAQGyAQExuAHKiNSQrOf+AjIZEgAaFTEwNzU3ODQ5NTc4MTI1MTUxMjg5Nw==	\\?\C:\Temp\UNSW_ALEAP\ALEAPP_Reports_2023-05-27_Saturday_075547\temp\data\user\0\com.google.android.gms\files\fcm_queued_messages.ldb \\?\C:\Temp\UNSW_ALEAP\ALEAPP_Reports_2023-05-27_Saturday_075547\temp\data\data\com.google.android.gms\files\fcm_queued_messages.ldb
