Timestamp	Key	Image	Size	Pending Deletion	source file
2023-05-09 03:57:55	7a9c7855fe2d1a5012185b76823390f920aa1adf8bdaef25e6000649d5ca63d5	"<a href="".\Google Photos\glide_cache\7a9c7855fe2d1a5012185b76823390f920aa1adf8bdaef25e6000649d5ca63d5"" target=""_blank""><img src="".\Google Photos\glide_cache\7a9c7855fe2d1a5012185b76823390f920aa1adf8bdaef25e6000649d5ca63d5""width=""300""></img></a>"	1605		\\?\C:\Temp\UNSW_ALEAP\ALEAPP_Reports_2023-05-27_Saturday_075547\temp\data\data\com.google.android.apps.photos\databases\disk_cache
2023-05-09 03:57:55	1872626083371cfa5b57ca7e1b1e80174330b5a9a1555f85e90578153263b332	"<a href="".\Google Photos\glide_cache\1872626083371cfa5b57ca7e1b1e80174330b5a9a1555f85e90578153263b332"" target=""_blank""><img src="".\Google Photos\glide_cache\1872626083371cfa5b57ca7e1b1e80174330b5a9a1555f85e90578153263b332""width=""300""></img></a>"	1836		\\?\C:\Temp\UNSW_ALEAP\ALEAPP_Reports_2023-05-27_Saturday_075547\temp\data\data\com.google.android.apps.photos\databases\disk_cache
2023-05-09 03:57:55	6457a8240a0422bf51524c702b06540837265e18414265e35c55802055067a48	"<a href="".\Google Photos\glide_cache\6457a8240a0422bf51524c702b06540837265e18414265e35c55802055067a48"" target=""_blank""><img src="".\Google Photos\glide_cache\6457a8240a0422bf51524c702b06540837265e18414265e35c55802055067a48""width=""300""></img></a>"	1915		\\?\C:\Temp\UNSW_ALEAP\ALEAPP_Reports_2023-05-27_Saturday_075547\temp\data\data\com.google.android.apps.photos\databases\disk_cache
2023-05-09 03:57:55	63cf45bbcf86aee01636c9c3d7cd4506d1c905aa24a95c805ad3f88e42959d96	"<a href="".\Google Photos\glide_cache\63cf45bbcf86aee01636c9c3d7cd4506d1c905aa24a95c805ad3f88e42959d96"" target=""_blank""><img src="".\Google Photos\glide_cache\63cf45bbcf86aee01636c9c3d7cd4506d1c905aa24a95c805ad3f88e42959d96""width=""300""></img></a>"	1806		\\?\C:\Temp\UNSW_ALEAP\ALEAPP_Reports_2023-05-27_Saturday_075547\temp\data\data\com.google.android.apps.photos\databases\disk_cache
2023-05-09 03:57:56	96a981daf4b7fb10cef7316fb7709bb2de713aa25643c470e7a922c08c69d3c5	"<a href="".\Google Photos\glide_cache\96a981daf4b7fb10cef7316fb7709bb2de713aa25643c470e7a922c08c69d3c5"" target=""_blank""><img src="".\Google Photos\glide_cache\96a981daf4b7fb10cef7316fb7709bb2de713aa25643c470e7a922c08c69d3c5""width=""300""></img></a>"	25201		\\?\C:\Temp\UNSW_ALEAP\ALEAPP_Reports_2023-05-27_Saturday_075547\temp\data\data\com.google.android.apps.photos\databases\disk_cache
2023-05-09 03:57:56	581fb7632642c119c15d11b936488cc38441576db0e1af401fe9c12a4c5a3d74	"<a href="".\Google Photos\glide_cache\581fb7632642c119c15d11b936488cc38441576db0e1af401fe9c12a4c5a3d74"" target=""_blank""><img src="".\Google Photos\glide_cache\581fb7632642c119c15d11b936488cc38441576db0e1af401fe9c12a4c5a3d74""width=""300""></img></a>"	24248		\\?\C:\Temp\UNSW_ALEAP\ALEAPP_Reports_2023-05-27_Saturday_075547\temp\data\data\com.google.android.apps.photos\databases\disk_cache
2023-05-09 03:57:56	531d9fe15a6ee5f3e6880df27826a0565bd18a8548081a0df325545bf8a94db2	"<a href="".\Google Photos\glide_cache\531d9fe15a6ee5f3e6880df27826a0565bd18a8548081a0df325545bf8a94db2"" target=""_blank""><img src="".\Google Photos\glide_cache\531d9fe15a6ee5f3e6880df27826a0565bd18a8548081a0df325545bf8a94db2""width=""300""></img></a>"	28840		\\?\C:\Temp\UNSW_ALEAP\ALEAPP_Reports_2023-05-27_Saturday_075547\temp\data\data\com.google.android.apps.photos\databases\disk_cache
2023-05-09 03:57:56	7dc18fc8a56b3f201ebbfba1af718722bc3f9baacdc050a10655ac2c9a0808d5	"<a href="".\Google Photos\glide_cache\7dc18fc8a56b3f201ebbfba1af718722bc3f9baacdc050a10655ac2c9a0808d5"" target=""_blank""><img src="".\Google Photos\glide_cache\7dc18fc8a56b3f201ebbfba1af718722bc3f9baacdc050a10655ac2c9a0808d5""width=""300""></img></a>"	22542		\\?\C:\Temp\UNSW_ALEAP\ALEAPP_Reports_2023-05-27_Saturday_075547\temp\data\data\com.google.android.apps.photos\databases\disk_cache
2023-05-09 03:57:56	10068a950f9160ab94ff8d537e52c3b3ac9271861f3e13117e229bbcc7f4fc95	"<a href="".\Google Photos\glide_cache\10068a950f9160ab94ff8d537e52c3b3ac9271861f3e13117e229bbcc7f4fc95"" target=""_blank""><img src="".\Google Photos\glide_cache\10068a950f9160ab94ff8d537e52c3b3ac9271861f3e13117e229bbcc7f4fc95""width=""300""></img></a>"	3501		\\?\C:\Temp\UNSW_ALEAP\ALEAPP_Reports_2023-05-27_Saturday_075547\temp\data\data\com.google.android.apps.photos\databases\disk_cache
2023-05-09 03:58:01	b37d6102c7b8567b8632a939f63d84ddf5ea8427ab1494ba92c5def1eae2ffe2	"<a href="".\Google Photos\glide_cache\b37d6102c7b8567b8632a939f63d84ddf5ea8427ab1494ba92c5def1eae2ffe2"" target=""_blank""><img src="".\Google Photos\glide_cache\b37d6102c7b8567b8632a939f63d84ddf5ea8427ab1494ba92c5def1eae2ffe2""width=""300""></img></a>"	493154		\\?\C:\Temp\UNSW_ALEAP\ALEAPP_Reports_2023-05-27_Saturday_075547\temp\data\data\com.google.android.apps.photos\databases\disk_cache
2023-05-09 03:58:01	75a6fd8fb744e2c8d3f2877bef26d9ac28811c4de8d35ff28d559e05b8958df6	"<a href="".\Google Photos\glide_cache\75a6fd8fb744e2c8d3f2877bef26d9ac28811c4de8d35ff28d559e05b8958df6"" target=""_blank""><img src="".\Google Photos\glide_cache\75a6fd8fb744e2c8d3f2877bef26d9ac28811c4de8d35ff28d559e05b8958df6""width=""300""></img></a>"	378558		\\?\C:\Temp\UNSW_ALEAP\ALEAPP_Reports_2023-05-27_Saturday_075547\temp\data\data\com.google.android.apps.photos\databases\disk_cache
2023-05-09 03:58:01	bc0cede394d52f1aac5f376951e8c828c6f47d59d5eb48af80fd79deb17483a1	"<a href="".\Google Photos\glide_cache\bc0cede394d52f1aac5f376951e8c828c6f47d59d5eb48af80fd79deb17483a1"" target=""_blank""><img src="".\Google Photos\glide_cache\bc0cede394d52f1aac5f376951e8c828c6f47d59d5eb48af80fd79deb17483a1""width=""300""></img></a>"	1393874		\\?\C:\Temp\UNSW_ALEAP\ALEAPP_Reports_2023-05-27_Saturday_075547\temp\data\data\com.google.android.apps.photos\databases\disk_cache
2023-05-09 03:58:01	3b2e9840f9788f53089e2391828be9bbfc1700e95f26c184d3dd079d8f338a6f	"<a href="".\Google Photos\glide_cache\3b2e9840f9788f53089e2391828be9bbfc1700e95f26c184d3dd079d8f338a6f"" target=""_blank""><img src="".\Google Photos\glide_cache\3b2e9840f9788f53089e2391828be9bbfc1700e95f26c184d3dd079d8f338a6f""width=""300""></img></a>"	1997260		\\?\C:\Temp\UNSW_ALEAP\ALEAPP_Reports_2023-05-27_Saturday_075547\temp\data\data\com.google.android.apps.photos\databases\disk_cache
2023-05-09 03:58:02	9e74f161e1baff44627ec09e0b73edad17b34a9ecd7511fc78a1f47ebea53889	"<a href="".\Google Photos\glide_cache\9e74f161e1baff44627ec09e0b73edad17b34a9ecd7511fc78a1f47ebea53889"" target=""_blank""><img src="".\Google Photos\glide_cache\9e74f161e1baff44627ec09e0b73edad17b34a9ecd7511fc78a1f47ebea53889""width=""300""></img></a>"	353130		\\?\C:\Temp\UNSW_ALEAP\ALEAPP_Reports_2023-05-27_Saturday_075547\temp\data\data\com.google.android.apps.photos\databases\disk_cache
2023-05-09 03:58:02	010b56944d268adad23220911eac7413348daadeacb76d4e1b8018dbaaa091bf	"<a href="".\Google Photos\glide_cache\010b56944d268adad23220911eac7413348daadeacb76d4e1b8018dbaaa091bf"" target=""_blank""><img src="".\Google Photos\glide_cache\010b56944d268adad23220911eac7413348daadeacb76d4e1b8018dbaaa091bf""width=""300""></img></a>"	1317493		\\?\C:\Temp\UNSW_ALEAP\ALEAPP_Reports_2023-05-27_Saturday_075547\temp\data\data\com.google.android.apps.photos\databases\disk_cache
2023-05-09 03:58:02	709f4229b3adc39d906c7bdda8a4f0ef6de03c3d4a209e45783c86ba2479e8fb	"<a href="".\Google Photos\glide_cache\709f4229b3adc39d906c7bdda8a4f0ef6de03c3d4a209e45783c86ba2479e8fb"" target=""_blank""><img src="".\Google Photos\glide_cache\709f4229b3adc39d906c7bdda8a4f0ef6de03c3d4a209e45783c86ba2479e8fb""width=""300""></img></a>"	353130		\\?\C:\Temp\UNSW_ALEAP\ALEAPP_Reports_2023-05-27_Saturday_075547\temp\data\data\com.google.android.apps.photos\databases\disk_cache
2023-05-09 03:58:02	806acd8ec0f0a1afee8d7ff52b189feebcb83b2dd7b3b462b672a294f23778ae	"<a href="".\Google Photos\glide_cache\806acd8ec0f0a1afee8d7ff52b189feebcb83b2dd7b3b462b672a294f23778ae"" target=""_blank""><img src="".\Google Photos\glide_cache\806acd8ec0f0a1afee8d7ff52b189feebcb83b2dd7b3b462b672a294f23778ae""width=""300""></img></a>"	289853		\\?\C:\Temp\UNSW_ALEAP\ALEAPP_Reports_2023-05-27_Saturday_075547\temp\data\data\com.google.android.apps.photos\databases\disk_cache
2023-05-09 03:58:02	6eb29d23702218c11a96d05572095f2cdf0cf9235d25dccd67e69d9636d6f350	"<a href="".\Google Photos\glide_cache\6eb29d23702218c11a96d05572095f2cdf0cf9235d25dccd67e69d9636d6f350"" target=""_blank""><img src="".\Google Photos\glide_cache\6eb29d23702218c11a96d05572095f2cdf0cf9235d25dccd67e69d9636d6f350""width=""300""></img></a>"	1199834		\\?\C:\Temp\UNSW_ALEAP\ALEAPP_Reports_2023-05-27_Saturday_075547\temp\data\data\com.google.android.apps.photos\databases\disk_cache
2023-05-09 04:06:10	164793585f22bcd471cc3f67af09f0b5093e560a3f9b34b80e721f3c329b4dac	"<a href="".\Google Photos\glide_cache\164793585f22bcd471cc3f67af09f0b5093e560a3f9b34b80e721f3c329b4dac"" target=""_blank""><img src="".\Google Photos\glide_cache\164793585f22bcd471cc3f67af09f0b5093e560a3f9b34b80e721f3c329b4dac""width=""300""></img></a>"	17047		\\?\C:\Temp\UNSW_ALEAP\ALEAPP_Reports_2023-05-27_Saturday_075547\temp\data\data\com.google.android.apps.photos\databases\disk_cache
2023-05-09 04:06:11	d20976a6f50cb6390151b34ebad94dadea91f658795e80d366e91d767a21f65f	"<a href="".\Google Photos\glide_cache\d20976a6f50cb6390151b34ebad94dadea91f658795e80d366e91d767a21f65f"" target=""_blank""><img src="".\Google Photos\glide_cache\d20976a6f50cb6390151b34ebad94dadea91f658795e80d366e91d767a21f65f""width=""300""></img></a>"	114982		\\?\C:\Temp\UNSW_ALEAP\ALEAPP_Reports_2023-05-27_Saturday_075547\temp\data\data\com.google.android.apps.photos\databases\disk_cache
2023-05-09 04:06:12	3fe969f41dbebeb8e9553970beb6963ac635c6a8c6f517a0fff618be3918dfaf	"<a href="".\Google Photos\glide_cache\3fe969f41dbebeb8e9553970beb6963ac635c6a8c6f517a0fff618be3918dfaf"" target=""_blank""><img src="".\Google Photos\glide_cache\3fe969f41dbebeb8e9553970beb6963ac635c6a8c6f517a0fff618be3918dfaf""width=""300""></img></a>"	1487		\\?\C:\Temp\UNSW_ALEAP\ALEAPP_Reports_2023-05-27_Saturday_075547\temp\data\data\com.google.android.apps.photos\databases\disk_cache
2023-05-09 04:06:12	a53a51dc028b6b0d7f69a02c1e1263b0ea57a5804f3c497797bea00f6e67d117	"<a href="".\Google Photos\glide_cache\a53a51dc028b6b0d7f69a02c1e1263b0ea57a5804f3c497797bea00f6e67d117"" target=""_blank""><img src="".\Google Photos\glide_cache\a53a51dc028b6b0d7f69a02c1e1263b0ea57a5804f3c497797bea00f6e67d117""width=""300""></img></a>"	14735		\\?\C:\Temp\UNSW_ALEAP\ALEAPP_Reports_2023-05-27_Saturday_075547\temp\data\data\com.google.android.apps.photos\databases\disk_cache
2023-05-09 04:06:12	ddc06130c300ab58a748c0c60b525be61d10908c32c10551362a9d5d42a53049	"<a href="".\Google Photos\glide_cache\ddc06130c300ab58a748c0c60b525be61d10908c32c10551362a9d5d42a53049"" target=""_blank""><img src="".\Google Photos\glide_cache\ddc06130c300ab58a748c0c60b525be61d10908c32c10551362a9d5d42a53049""width=""300""></img></a>"	18746		\\?\C:\Temp\UNSW_ALEAP\ALEAPP_Reports_2023-05-27_Saturday_075547\temp\data\data\com.google.android.apps.photos\databases\disk_cache
2023-05-09 04:06:12	4cba43ced037e8736638a4b8b67d753e325b94e7abf4f0edf3ba8a6d84c42ac9	"<a href="".\Google Photos\glide_cache\4cba43ced037e8736638a4b8b67d753e325b94e7abf4f0edf3ba8a6d84c42ac9"" target=""_blank""><img src="".\Google Photos\glide_cache\4cba43ced037e8736638a4b8b67d753e325b94e7abf4f0edf3ba8a6d84c42ac9""width=""300""></img></a>"	26960		\\?\C:\Temp\UNSW_ALEAP\ALEAPP_Reports_2023-05-27_Saturday_075547\temp\data\data\com.google.android.apps.photos\databases\disk_cache
2023-05-09 04:06:12	02414d4012fd9676ade229cdc110e52716f67160a68953935075f5cb9da8c120	"<a href="".\Google Photos\glide_cache\02414d4012fd9676ade229cdc110e52716f67160a68953935075f5cb9da8c120"" target=""_blank""><img src="".\Google Photos\glide_cache\02414d4012fd9676ade229cdc110e52716f67160a68953935075f5cb9da8c120""width=""300""></img></a>"	1617		\\?\C:\Temp\UNSW_ALEAP\ALEAPP_Reports_2023-05-27_Saturday_075547\temp\data\data\com.google.android.apps.photos\databases\disk_cache
2023-05-09 04:06:12	2c234b5ce77c8e519f8b2de58943d96ac84a946118e9a25d6dd2cfb4cb50f8f8	"<a href="".\Google Photos\glide_cache\2c234b5ce77c8e519f8b2de58943d96ac84a946118e9a25d6dd2cfb4cb50f8f8"" target=""_blank""><img src="".\Google Photos\glide_cache\2c234b5ce77c8e519f8b2de58943d96ac84a946118e9a25d6dd2cfb4cb50f8f8""width=""300""></img></a>"	18713		\\?\C:\Temp\UNSW_ALEAP\ALEAPP_Reports_2023-05-27_Saturday_075547\temp\data\data\com.google.android.apps.photos\databases\disk_cache
2023-05-09 04:06:12	3dc21104336b1b9085ff3aff24bb921400f50d173ad84f4ac204bbf15948a752	"<a href="".\Google Photos\glide_cache\3dc21104336b1b9085ff3aff24bb921400f50d173ad84f4ac204bbf15948a752"" target=""_blank""><img src="".\Google Photos\glide_cache\3dc21104336b1b9085ff3aff24bb921400f50d173ad84f4ac204bbf15948a752""width=""300""></img></a>"	26878		\\?\C:\Temp\UNSW_ALEAP\ALEAPP_Reports_2023-05-27_Saturday_075547\temp\data\data\com.google.android.apps.photos\databases\disk_cache
2023-05-09 04:06:13	f50d12c8555340f945d6ec93e0982c6ba657c5bc4ad2167e1e7f3c8e8486e303	"<a href="".\Google Photos\glide_cache\f50d12c8555340f945d6ec93e0982c6ba657c5bc4ad2167e1e7f3c8e8486e303"" target=""_blank""><img src="".\Google Photos\glide_cache\f50d12c8555340f945d6ec93e0982c6ba657c5bc4ad2167e1e7f3c8e8486e303""width=""300""></img></a>"	93624		\\?\C:\Temp\UNSW_ALEAP\ALEAPP_Reports_2023-05-27_Saturday_075547\temp\data\data\com.google.android.apps.photos\databases\disk_cache
2023-05-09 04:06:13	9b385d473f035ddf08841476877d50912999ddbca6e8687a68dc45f888648d3d	"<a href="".\Google Photos\glide_cache\9b385d473f035ddf08841476877d50912999ddbca6e8687a68dc45f888648d3d"" target=""_blank""><img src="".\Google Photos\glide_cache\9b385d473f035ddf08841476877d50912999ddbca6e8687a68dc45f888648d3d""width=""300""></img></a>"	225090		\\?\C:\Temp\UNSW_ALEAP\ALEAPP_Reports_2023-05-27_Saturday_075547\temp\data\data\com.google.android.apps.photos\databases\disk_cache
2023-05-09 04:06:13	033ce93544ea5bfc1f7b69ac720574689f0012b1dfd5bdaa5a3cea5d5f37af03	"<a href="".\Google Photos\glide_cache\033ce93544ea5bfc1f7b69ac720574689f0012b1dfd5bdaa5a3cea5d5f37af03"" target=""_blank""><img src="".\Google Photos\glide_cache\033ce93544ea5bfc1f7b69ac720574689f0012b1dfd5bdaa5a3cea5d5f37af03""width=""300""></img></a>"	181851		\\?\C:\Temp\UNSW_ALEAP\ALEAPP_Reports_2023-05-27_Saturday_075547\temp\data\data\com.google.android.apps.photos\databases\disk_cache
2023-05-09 04:06:14	68901cc05daaa8c07fdd86f84f4397bb672d8e315ce76c9f45e509939b129267	"<a href="".\Google Photos\glide_cache\68901cc05daaa8c07fdd86f84f4397bb672d8e315ce76c9f45e509939b129267"" target=""_blank""><img src="".\Google Photos\glide_cache\68901cc05daaa8c07fdd86f84f4397bb672d8e315ce76c9f45e509939b129267""width=""300""></img></a>"	138334		\\?\C:\Temp\UNSW_ALEAP\ALEAPP_Reports_2023-05-27_Saturday_075547\temp\data\data\com.google.android.apps.photos\databases\disk_cache
2023-05-09 04:06:14	402c1c3508d72df4ced0aab283fb806d0f8a96f694a8af8510405f356bf97755	"<a href="".\Google Photos\glide_cache\402c1c3508d72df4ced0aab283fb806d0f8a96f694a8af8510405f356bf97755"" target=""_blank""><img src="".\Google Photos\glide_cache\402c1c3508d72df4ced0aab283fb806d0f8a96f694a8af8510405f356bf97755""width=""300""></img></a>"	381706		\\?\C:\Temp\UNSW_ALEAP\ALEAPP_Reports_2023-05-27_Saturday_075547\temp\data\data\com.google.android.apps.photos\databases\disk_cache
﻿2023-05-09 03:57:55	7a9c7855fe2d1a5012185b76823390f920aa1adf8bdaef25e6000649d5ca63d5	"<a href="".\Google Photos\glide_cache\7a9c7855fe2d1a5012185b76823390f920aa1adf8bdaef25e6000649d5ca63d5"" target=""_blank""><img src="".\Google Photos\glide_cache\7a9c7855fe2d1a5012185b76823390f920aa1adf8bdaef25e6000649d5ca63d5""width=""300""></img></a>"	1605		\\?\C:\Temp\UNSW_ALEAP\ALEAPP_Reports_2023-05-27_Saturday_075547\temp\data\user\0\com.google.android.apps.photos\databases\disk_cache
2023-05-09 03:57:55	1872626083371cfa5b57ca7e1b1e80174330b5a9a1555f85e90578153263b332	"<a href="".\Google Photos\glide_cache\1872626083371cfa5b57ca7e1b1e80174330b5a9a1555f85e90578153263b332"" target=""_blank""><img src="".\Google Photos\glide_cache\1872626083371cfa5b57ca7e1b1e80174330b5a9a1555f85e90578153263b332""width=""300""></img></a>"	1836		\\?\C:\Temp\UNSW_ALEAP\ALEAPP_Reports_2023-05-27_Saturday_075547\temp\data\user\0\com.google.android.apps.photos\databases\disk_cache
2023-05-09 03:57:55	6457a8240a0422bf51524c702b06540837265e18414265e35c55802055067a48	"<a href="".\Google Photos\glide_cache\6457a8240a0422bf51524c702b06540837265e18414265e35c55802055067a48"" target=""_blank""><img src="".\Google Photos\glide_cache\6457a8240a0422bf51524c702b06540837265e18414265e35c55802055067a48""width=""300""></img></a>"	1915		\\?\C:\Temp\UNSW_ALEAP\ALEAPP_Reports_2023-05-27_Saturday_075547\temp\data\user\0\com.google.android.apps.photos\databases\disk_cache
2023-05-09 03:57:55	63cf45bbcf86aee01636c9c3d7cd4506d1c905aa24a95c805ad3f88e42959d96	"<a href="".\Google Photos\glide_cache\63cf45bbcf86aee01636c9c3d7cd4506d1c905aa24a95c805ad3f88e42959d96"" target=""_blank""><img src="".\Google Photos\glide_cache\63cf45bbcf86aee01636c9c3d7cd4506d1c905aa24a95c805ad3f88e42959d96""width=""300""></img></a>"	1806		\\?\C:\Temp\UNSW_ALEAP\ALEAPP_Reports_2023-05-27_Saturday_075547\temp\data\user\0\com.google.android.apps.photos\databases\disk_cache
2023-05-09 03:57:56	96a981daf4b7fb10cef7316fb7709bb2de713aa25643c470e7a922c08c69d3c5	"<a href="".\Google Photos\glide_cache\96a981daf4b7fb10cef7316fb7709bb2de713aa25643c470e7a922c08c69d3c5"" target=""_blank""><img src="".\Google Photos\glide_cache\96a981daf4b7fb10cef7316fb7709bb2de713aa25643c470e7a922c08c69d3c5""width=""300""></img></a>"	25201		\\?\C:\Temp\UNSW_ALEAP\ALEAPP_Reports_2023-05-27_Saturday_075547\temp\data\user\0\com.google.android.apps.photos\databases\disk_cache
2023-05-09 03:57:56	581fb7632642c119c15d11b936488cc38441576db0e1af401fe9c12a4c5a3d74	"<a href="".\Google Photos\glide_cache\581fb7632642c119c15d11b936488cc38441576db0e1af401fe9c12a4c5a3d74"" target=""_blank""><img src="".\Google Photos\glide_cache\581fb7632642c119c15d11b936488cc38441576db0e1af401fe9c12a4c5a3d74""width=""300""></img></a>"	24248		\\?\C:\Temp\UNSW_ALEAP\ALEAPP_Reports_2023-05-27_Saturday_075547\temp\data\user\0\com.google.android.apps.photos\databases\disk_cache
2023-05-09 03:57:56	531d9fe15a6ee5f3e6880df27826a0565bd18a8548081a0df325545bf8a94db2	"<a href="".\Google Photos\glide_cache\531d9fe15a6ee5f3e6880df27826a0565bd18a8548081a0df325545bf8a94db2"" target=""_blank""><img src="".\Google Photos\glide_cache\531d9fe15a6ee5f3e6880df27826a0565bd18a8548081a0df325545bf8a94db2""width=""300""></img></a>"	28840		\\?\C:\Temp\UNSW_ALEAP\ALEAPP_Reports_2023-05-27_Saturday_075547\temp\data\user\0\com.google.android.apps.photos\databases\disk_cache
2023-05-09 03:57:56	7dc18fc8a56b3f201ebbfba1af718722bc3f9baacdc050a10655ac2c9a0808d5	"<a href="".\Google Photos\glide_cache\7dc18fc8a56b3f201ebbfba1af718722bc3f9baacdc050a10655ac2c9a0808d5"" target=""_blank""><img src="".\Google Photos\glide_cache\7dc18fc8a56b3f201ebbfba1af718722bc3f9baacdc050a10655ac2c9a0808d5""width=""300""></img></a>"	22542		\\?\C:\Temp\UNSW_ALEAP\ALEAPP_Reports_2023-05-27_Saturday_075547\temp\data\user\0\com.google.android.apps.photos\databases\disk_cache
2023-05-09 03:57:56	10068a950f9160ab94ff8d537e52c3b3ac9271861f3e13117e229bbcc7f4fc95	"<a href="".\Google Photos\glide_cache\10068a950f9160ab94ff8d537e52c3b3ac9271861f3e13117e229bbcc7f4fc95"" target=""_blank""><img src="".\Google Photos\glide_cache\10068a950f9160ab94ff8d537e52c3b3ac9271861f3e13117e229bbcc7f4fc95""width=""300""></img></a>"	3501		\\?\C:\Temp\UNSW_ALEAP\ALEAPP_Reports_2023-05-27_Saturday_075547\temp\data\user\0\com.google.android.apps.photos\databases\disk_cache
2023-05-09 03:58:01	b37d6102c7b8567b8632a939f63d84ddf5ea8427ab1494ba92c5def1eae2ffe2	"<a href="".\Google Photos\glide_cache\b37d6102c7b8567b8632a939f63d84ddf5ea8427ab1494ba92c5def1eae2ffe2"" target=""_blank""><img src="".\Google Photos\glide_cache\b37d6102c7b8567b8632a939f63d84ddf5ea8427ab1494ba92c5def1eae2ffe2""width=""300""></img></a>"	493154		\\?\C:\Temp\UNSW_ALEAP\ALEAPP_Reports_2023-05-27_Saturday_075547\temp\data\user\0\com.google.android.apps.photos\databases\disk_cache
2023-05-09 03:58:01	75a6fd8fb744e2c8d3f2877bef26d9ac28811c4de8d35ff28d559e05b8958df6	"<a href="".\Google Photos\glide_cache\75a6fd8fb744e2c8d3f2877bef26d9ac28811c4de8d35ff28d559e05b8958df6"" target=""_blank""><img src="".\Google Photos\glide_cache\75a6fd8fb744e2c8d3f2877bef26d9ac28811c4de8d35ff28d559e05b8958df6""width=""300""></img></a>"	378558		\\?\C:\Temp\UNSW_ALEAP\ALEAPP_Reports_2023-05-27_Saturday_075547\temp\data\user\0\com.google.android.apps.photos\databases\disk_cache
2023-05-09 03:58:01	bc0cede394d52f1aac5f376951e8c828c6f47d59d5eb48af80fd79deb17483a1	"<a href="".\Google Photos\glide_cache\bc0cede394d52f1aac5f376951e8c828c6f47d59d5eb48af80fd79deb17483a1"" target=""_blank""><img src="".\Google Photos\glide_cache\bc0cede394d52f1aac5f376951e8c828c6f47d59d5eb48af80fd79deb17483a1""width=""300""></img></a>"	1393874		\\?\C:\Temp\UNSW_ALEAP\ALEAPP_Reports_2023-05-27_Saturday_075547\temp\data\user\0\com.google.android.apps.photos\databases\disk_cache
2023-05-09 03:58:01	3b2e9840f9788f53089e2391828be9bbfc1700e95f26c184d3dd079d8f338a6f	"<a href="".\Google Photos\glide_cache\3b2e9840f9788f53089e2391828be9bbfc1700e95f26c184d3dd079d8f338a6f"" target=""_blank""><img src="".\Google Photos\glide_cache\3b2e9840f9788f53089e2391828be9bbfc1700e95f26c184d3dd079d8f338a6f""width=""300""></img></a>"	1997260		\\?\C:\Temp\UNSW_ALEAP\ALEAPP_Reports_2023-05-27_Saturday_075547\temp\data\user\0\com.google.android.apps.photos\databases\disk_cache
2023-05-09 03:58:02	9e74f161e1baff44627ec09e0b73edad17b34a9ecd7511fc78a1f47ebea53889	"<a href="".\Google Photos\glide_cache\9e74f161e1baff44627ec09e0b73edad17b34a9ecd7511fc78a1f47ebea53889"" target=""_blank""><img src="".\Google Photos\glide_cache\9e74f161e1baff44627ec09e0b73edad17b34a9ecd7511fc78a1f47ebea53889""width=""300""></img></a>"	353130		\\?\C:\Temp\UNSW_ALEAP\ALEAPP_Reports_2023-05-27_Saturday_075547\temp\data\user\0\com.google.android.apps.photos\databases\disk_cache
2023-05-09 03:58:02	010b56944d268adad23220911eac7413348daadeacb76d4e1b8018dbaaa091bf	"<a href="".\Google Photos\glide_cache\010b56944d268adad23220911eac7413348daadeacb76d4e1b8018dbaaa091bf"" target=""_blank""><img src="".\Google Photos\glide_cache\010b56944d268adad23220911eac7413348daadeacb76d4e1b8018dbaaa091bf""width=""300""></img></a>"	1317493		\\?\C:\Temp\UNSW_ALEAP\ALEAPP_Reports_2023-05-27_Saturday_075547\temp\data\user\0\com.google.android.apps.photos\databases\disk_cache
2023-05-09 03:58:02	709f4229b3adc39d906c7bdda8a4f0ef6de03c3d4a209e45783c86ba2479e8fb	"<a href="".\Google Photos\glide_cache\709f4229b3adc39d906c7bdda8a4f0ef6de03c3d4a209e45783c86ba2479e8fb"" target=""_blank""><img src="".\Google Photos\glide_cache\709f4229b3adc39d906c7bdda8a4f0ef6de03c3d4a209e45783c86ba2479e8fb""width=""300""></img></a>"	353130		\\?\C:\Temp\UNSW_ALEAP\ALEAPP_Reports_2023-05-27_Saturday_075547\temp\data\user\0\com.google.android.apps.photos\databases\disk_cache
2023-05-09 03:58:02	806acd8ec0f0a1afee8d7ff52b189feebcb83b2dd7b3b462b672a294f23778ae	"<a href="".\Google Photos\glide_cache\806acd8ec0f0a1afee8d7ff52b189feebcb83b2dd7b3b462b672a294f23778ae"" target=""_blank""><img src="".\Google Photos\glide_cache\806acd8ec0f0a1afee8d7ff52b189feebcb83b2dd7b3b462b672a294f23778ae""width=""300""></img></a>"	289853		\\?\C:\Temp\UNSW_ALEAP\ALEAPP_Reports_2023-05-27_Saturday_075547\temp\data\user\0\com.google.android.apps.photos\databases\disk_cache
2023-05-09 03:58:02	6eb29d23702218c11a96d05572095f2cdf0cf9235d25dccd67e69d9636d6f350	"<a href="".\Google Photos\glide_cache\6eb29d23702218c11a96d05572095f2cdf0cf9235d25dccd67e69d9636d6f350"" target=""_blank""><img src="".\Google Photos\glide_cache\6eb29d23702218c11a96d05572095f2cdf0cf9235d25dccd67e69d9636d6f350""width=""300""></img></a>"	1199834		\\?\C:\Temp\UNSW_ALEAP\ALEAPP_Reports_2023-05-27_Saturday_075547\temp\data\user\0\com.google.android.apps.photos\databases\disk_cache
2023-05-09 04:06:10	164793585f22bcd471cc3f67af09f0b5093e560a3f9b34b80e721f3c329b4dac	"<a href="".\Google Photos\glide_cache\164793585f22bcd471cc3f67af09f0b5093e560a3f9b34b80e721f3c329b4dac"" target=""_blank""><img src="".\Google Photos\glide_cache\164793585f22bcd471cc3f67af09f0b5093e560a3f9b34b80e721f3c329b4dac""width=""300""></img></a>"	17047		\\?\C:\Temp\UNSW_ALEAP\ALEAPP_Reports_2023-05-27_Saturday_075547\temp\data\user\0\com.google.android.apps.photos\databases\disk_cache
2023-05-09 04:06:11	d20976a6f50cb6390151b34ebad94dadea91f658795e80d366e91d767a21f65f	"<a href="".\Google Photos\glide_cache\d20976a6f50cb6390151b34ebad94dadea91f658795e80d366e91d767a21f65f"" target=""_blank""><img src="".\Google Photos\glide_cache\d20976a6f50cb6390151b34ebad94dadea91f658795e80d366e91d767a21f65f""width=""300""></img></a>"	114982		\\?\C:\Temp\UNSW_ALEAP\ALEAPP_Reports_2023-05-27_Saturday_075547\temp\data\user\0\com.google.android.apps.photos\databases\disk_cache
2023-05-09 04:06:12	3fe969f41dbebeb8e9553970beb6963ac635c6a8c6f517a0fff618be3918dfaf	"<a href="".\Google Photos\glide_cache\3fe969f41dbebeb8e9553970beb6963ac635c6a8c6f517a0fff618be3918dfaf"" target=""_blank""><img src="".\Google Photos\glide_cache\3fe969f41dbebeb8e9553970beb6963ac635c6a8c6f517a0fff618be3918dfaf""width=""300""></img></a>"	1487		\\?\C:\Temp\UNSW_ALEAP\ALEAPP_Reports_2023-05-27_Saturday_075547\temp\data\user\0\com.google.android.apps.photos\databases\disk_cache
2023-05-09 04:06:12	a53a51dc028b6b0d7f69a02c1e1263b0ea57a5804f3c497797bea00f6e67d117	"<a href="".\Google Photos\glide_cache\a53a51dc028b6b0d7f69a02c1e1263b0ea57a5804f3c497797bea00f6e67d117"" target=""_blank""><img src="".\Google Photos\glide_cache\a53a51dc028b6b0d7f69a02c1e1263b0ea57a5804f3c497797bea00f6e67d117""width=""300""></img></a>"	14735		\\?\C:\Temp\UNSW_ALEAP\ALEAPP_Reports_2023-05-27_Saturday_075547\temp\data\user\0\com.google.android.apps.photos\databases\disk_cache
2023-05-09 04:06:12	ddc06130c300ab58a748c0c60b525be61d10908c32c10551362a9d5d42a53049	"<a href="".\Google Photos\glide_cache\ddc06130c300ab58a748c0c60b525be61d10908c32c10551362a9d5d42a53049"" target=""_blank""><img src="".\Google Photos\glide_cache\ddc06130c300ab58a748c0c60b525be61d10908c32c10551362a9d5d42a53049""width=""300""></img></a>"	18746		\\?\C:\Temp\UNSW_ALEAP\ALEAPP_Reports_2023-05-27_Saturday_075547\temp\data\user\0\com.google.android.apps.photos\databases\disk_cache
2023-05-09 04:06:12	4cba43ced037e8736638a4b8b67d753e325b94e7abf4f0edf3ba8a6d84c42ac9	"<a href="".\Google Photos\glide_cache\4cba43ced037e8736638a4b8b67d753e325b94e7abf4f0edf3ba8a6d84c42ac9"" target=""_blank""><img src="".\Google Photos\glide_cache\4cba43ced037e8736638a4b8b67d753e325b94e7abf4f0edf3ba8a6d84c42ac9""width=""300""></img></a>"	26960		\\?\C:\Temp\UNSW_ALEAP\ALEAPP_Reports_2023-05-27_Saturday_075547\temp\data\user\0\com.google.android.apps.photos\databases\disk_cache
2023-05-09 04:06:12	02414d4012fd9676ade229cdc110e52716f67160a68953935075f5cb9da8c120	"<a href="".\Google Photos\glide_cache\02414d4012fd9676ade229cdc110e52716f67160a68953935075f5cb9da8c120"" target=""_blank""><img src="".\Google Photos\glide_cache\02414d4012fd9676ade229cdc110e52716f67160a68953935075f5cb9da8c120""width=""300""></img></a>"	1617		\\?\C:\Temp\UNSW_ALEAP\ALEAPP_Reports_2023-05-27_Saturday_075547\temp\data\user\0\com.google.android.apps.photos\databases\disk_cache
2023-05-09 04:06:12	2c234b5ce77c8e519f8b2de58943d96ac84a946118e9a25d6dd2cfb4cb50f8f8	"<a href="".\Google Photos\glide_cache\2c234b5ce77c8e519f8b2de58943d96ac84a946118e9a25d6dd2cfb4cb50f8f8"" target=""_blank""><img src="".\Google Photos\glide_cache\2c234b5ce77c8e519f8b2de58943d96ac84a946118e9a25d6dd2cfb4cb50f8f8""width=""300""></img></a>"	18713		\\?\C:\Temp\UNSW_ALEAP\ALEAPP_Reports_2023-05-27_Saturday_075547\temp\data\user\0\com.google.android.apps.photos\databases\disk_cache
2023-05-09 04:06:12	3dc21104336b1b9085ff3aff24bb921400f50d173ad84f4ac204bbf15948a752	"<a href="".\Google Photos\glide_cache\3dc21104336b1b9085ff3aff24bb921400f50d173ad84f4ac204bbf15948a752"" target=""_blank""><img src="".\Google Photos\glide_cache\3dc21104336b1b9085ff3aff24bb921400f50d173ad84f4ac204bbf15948a752""width=""300""></img></a>"	26878		\\?\C:\Temp\UNSW_ALEAP\ALEAPP_Reports_2023-05-27_Saturday_075547\temp\data\user\0\com.google.android.apps.photos\databases\disk_cache
2023-05-09 04:06:13	f50d12c8555340f945d6ec93e0982c6ba657c5bc4ad2167e1e7f3c8e8486e303	"<a href="".\Google Photos\glide_cache\f50d12c8555340f945d6ec93e0982c6ba657c5bc4ad2167e1e7f3c8e8486e303"" target=""_blank""><img src="".\Google Photos\glide_cache\f50d12c8555340f945d6ec93e0982c6ba657c5bc4ad2167e1e7f3c8e8486e303""width=""300""></img></a>"	93624		\\?\C:\Temp\UNSW_ALEAP\ALEAPP_Reports_2023-05-27_Saturday_075547\temp\data\user\0\com.google.android.apps.photos\databases\disk_cache
2023-05-09 04:06:13	9b385d473f035ddf08841476877d50912999ddbca6e8687a68dc45f888648d3d	"<a href="".\Google Photos\glide_cache\9b385d473f035ddf08841476877d50912999ddbca6e8687a68dc45f888648d3d"" target=""_blank""><img src="".\Google Photos\glide_cache\9b385d473f035ddf08841476877d50912999ddbca6e8687a68dc45f888648d3d""width=""300""></img></a>"	225090		\\?\C:\Temp\UNSW_ALEAP\ALEAPP_Reports_2023-05-27_Saturday_075547\temp\data\user\0\com.google.android.apps.photos\databases\disk_cache
2023-05-09 04:06:13	033ce93544ea5bfc1f7b69ac720574689f0012b1dfd5bdaa5a3cea5d5f37af03	"<a href="".\Google Photos\glide_cache\033ce93544ea5bfc1f7b69ac720574689f0012b1dfd5bdaa5a3cea5d5f37af03"" target=""_blank""><img src="".\Google Photos\glide_cache\033ce93544ea5bfc1f7b69ac720574689f0012b1dfd5bdaa5a3cea5d5f37af03""width=""300""></img></a>"	181851		\\?\C:\Temp\UNSW_ALEAP\ALEAPP_Reports_2023-05-27_Saturday_075547\temp\data\user\0\com.google.android.apps.photos\databases\disk_cache
2023-05-09 04:06:14	68901cc05daaa8c07fdd86f84f4397bb672d8e315ce76c9f45e509939b129267	"<a href="".\Google Photos\glide_cache\68901cc05daaa8c07fdd86f84f4397bb672d8e315ce76c9f45e509939b129267"" target=""_blank""><img src="".\Google Photos\glide_cache\68901cc05daaa8c07fdd86f84f4397bb672d8e315ce76c9f45e509939b129267""width=""300""></img></a>"	138334		\\?\C:\Temp\UNSW_ALEAP\ALEAPP_Reports_2023-05-27_Saturday_075547\temp\data\user\0\com.google.android.apps.photos\databases\disk_cache
2023-05-09 04:06:14	402c1c3508d72df4ced0aab283fb806d0f8a96f694a8af8510405f356bf97755	"<a href="".\Google Photos\glide_cache\402c1c3508d72df4ced0aab283fb806d0f8a96f694a8af8510405f356bf97755"" target=""_blank""><img src="".\Google Photos\glide_cache\402c1c3508d72df4ced0aab283fb806d0f8a96f694a8af8510405f356bf97755""width=""300""></img></a>"	381706		\\?\C:\Temp\UNSW_ALEAP\ALEAPP_Reports_2023-05-27_Saturday_075547\temp\data\user\0\com.google.android.apps.photos\databases\disk_cache
